AreaName,Price,lat,lng,Count
Winona,1595000.0,43.213367,-79.656593,1
Armour Heights,1590000.0,43.743423,-79.426872,1
Yonge and Lawrence,1589000.0,43.728615,-79.402267,1
Oro Station,1525000.0,44.423679,-79.549232,1
Old Mill,1524333.3333333333,43.651253,-79.493347,3
Stonehaven,1505500.0,44.03363575,-79.43467525,4
Clairville,1500000.0,43.749554,-79.635956,1
Princess - Rosethorn,1499900.0,43.657867,-79.540031,1
West Montrose,1492500.0,43.5329855,-80.47339249999999,2
Sunnylea,1457237.5,43.640595375,-79.5090855,8
Caistor Centre,1399000.0,43.071388,-79.653809,1
Arva,1366333.3333333333,43.06104566666667,-81.25423666666667,3
Tempo,1350000.0,42.898388,-81.238991,2
Castle Heights,1349000.0,45.428707,-75.648033,1
Mount Pleasant East,1332933.3333333333,43.701229000000005,-79.38336666666667,3
Stittsville - Basswood,1325000.0,45.205803,-76.068451,2
Rednersville,1299000.0,44.113743,-77.450066,1
Edenbridge - Humber Valley,1298266.6666666667,43.667566666666666,-79.52036266666666,3
Hidden Valley,1294725.0,43.41422675,-80.42459875,4
Cookstown,1290000.0,44.167538,-79.805618,1
Cedar Valley,1289900.0,44.067887999999996,-79.3263245,2
Rural Oshawa,1274950.0,43.995871,-78.916725,2
Mineola,1209979.2,43.56819133333333,-79.58963220000001,15
Champlain Park,1200000.0,45.402954,-75.742905,1
Berczy Village,1191000.0,43.8913626,-79.29859619999999,5
Gormley,1177180.0,43.979076,-79.3798904,5
Willmott,1169500.0,43.49720025,-79.8615955,4
Puslinch,1149694.0,43.418307999999996,-80.1847955,2
Mount Pleasant West,1145666.6666666667,43.711609,-79.3955,3
Clearview,1138427.6,43.5026082,-79.6640291,10
Hawkestone,1132966.6666666667,44.55660533333333,-79.471367,3
Woodbine Heights,1124500.0,43.68985,-79.3171765,2
Clarington,1116300.0,43.93141033333333,-78.65186066666666,3
Oakwood Village,1104000.0,43.6860655,-79.443056,4
Kinde,1099000.0,43.939468,-82.992462,1
West Flamborough,1099000.0,43.271843,-80.013229,1
Carlisle,1075680.0,43.3694692,-80.12223359999999,10
New Dundee,1069900.0,43.348305,-80.539948,1
Dovercourt Park,1065199.6,43.6648818,-79.4340838,5
New Tecumseth,1047500.0,44.109409,-79.798153,2
Palermo West,1038879.6363636364,43.425810363636366,-79.77108490909092,11
Bayview Woods - Steeles,1032187.4,43.7938848,-79.3876464,5
Inglewood,999900.0,43.758595,-79.858322,1
Zephyr,999450.0,44.20680433333334,-79.27420183333334,6
Wellesley Island,999000.0,44.306252,-75.979149,1
Alderwood,993179.9333333333,43.603214200000004,-79.5450252,15
Clarkson,992296.0,43.525017999999996,-79.634224,3
Nortown,988822.2222222222,43.73117744444445,-79.42776655555556,9
St. Davids,979900.0,43.151451,-79.109779,1
Caledon,977122.1351351351,43.83914252702703,-79.91232935135136,74
Maple Leaf,976288.8888888889,43.71680744444444,-79.48385788888889,9
Lindenlea - New Edinburgh,975000.0,45.442055,-75.674759,1
Vaughan,970299.9090909091,43.843340318181816,-79.54020936363636,22
Norseman Heights,959000.0,43.632889,-79.510719,1
Broadview North,949000.0,43.684555,-79.35183,1
Goodwood,944933.3333333334,44.01391233333334,-79.17572799999999,3
Brockley,932333.3333333334,42.90580966666666,-81.19565833333333,3
Stouffville,929900.0,43.971461363636365,-79.24840263636364,11
Baysville,929000.0,45.250771,-78.941025,1
Valley Creek,915666.6666666666,43.776301,-79.70389066666667,3
Highland Creek,913241.8076923077,43.791573423076926,-79.17304407692308,26
Sharon Creek,912380.0,42.9191008,-81.3354768,5
Central Waterfront,904200.0,43.64079375,-79.37722575000001,4
Rustic,903250.0,43.714615,-79.5002515,4
Financial District,902950.0,43.64891033333333,-79.37920933333334,3
Port Credit,900372.7272727273,43.55166727272728,-79.58685854545455,11
Eramosa,899900.0,43.617409,-80.216469,1
Centre Island,899900.0,43.632076,-79.355011,1
Black Creek,899500.0,43.761408,-79.5209695,2
Elgin,899000.0,44.565529,-76.293335,1
Brodheadsville,895000.0,40.922974,-75.405334,1
Princess Margaret,889399.8,43.670225599999995,-79.5525114,5
Birch Cliff,885368.4210526316,43.69050905263158,-79.2711044736842,19
Clairlea,885328.5714285715,43.710310142857146,-79.28649357142857,7
Taylor,885000.0,42.223003,-83.25827,2
West Oakville,884514.0,43.41643642592593,-79.70961657407408,54
Bronte,867414.0120481928,43.39102336144578,-79.71381401204819,83
King City,865933.3333333334,43.928156333333334,-79.526082,3
Woodbine - Lumsden,860822.2222222222,43.690679333333335,-79.30869822222222,9
Whitchurch-Stouffville,857894.8571428572,43.986089750000005,-79.25264146428572,28
Glenview West,850000.0,43.235645,-79.799332,1
Havelock,849500.0,44.4475785,-77.8106765,2
Beasley,847669.0,43.264298749999995,-79.86395275,4
Pioneer Tower West,842238.0,43.40446285714286,-80.4079049047619,21
Regal Heights,838000.0,43.67697033333334,-79.43794766666667,3
Columbus,834900.0,43.982536,-78.9104,1
Lambton,831683.8571428572,43.664879285714285,-79.49458757142857,7
Cargill,829900.0,44.153510999999995,-81.41931149999999,2
Winston Park,829000.0,43.728584,-79.460335,1
York,827128.5714285715,43.03237528571429,-79.88340757142858,7
Markland Wood,824933.3333333334,43.63713383333334,-79.5787925,6
Roncesvalles Village,824068.75,43.645987125,-79.445831375,8
Brookside,824000.0,43.83075,-79.235527,2
Long Branch,823820.44,43.59444696,-79.53143852,25
Carlingwood - McKellar Park - Laurentien View,813409.0909090909,45.38167872727273,-75.75762309090909,11
Alwington,812450.0,44.223978,-76.505642,2
Dwight,810000.0,45.306231333333336,-79.00149033333334,3
Bracondale Hill,810000.0,43.675793,-79.430817,1
Meadowvale Village,806793.2291666666,43.630854729166664,-79.72718477083333,48
Bathurst Manor,805364.6521739131,43.75672269565217,-79.45106308695652,23
Richmond Hill,802723.6315789474,43.88241172982456,-79.43191183508772,285
Leslieville,800680.8222222222,43.66733397777778,-79.33013682222223,45
Troy,799900.0,42.378471,-81.90097,1
Hamilton Beach A,795000.0,43.2939,-79.792534,1
Ben Jungle,795000.0,43.761955,-79.23864,1
Albion Falls,795000.0,43.203316,-79.820572,1
Glen Abbey,792773.8536585366,43.435923243902444,-79.73162680487805,41
Maple,792172.4285714285,43.85210871428571,-79.520416,28
Erin,788550.0,43.74618607142857,-80.17502221428572,14
West Oak Trails,786650.8529411765,43.443890044117644,-79.7540700735294,68
Stockyards District,775966.6666666666,43.67680266666667,-79.46746066666667,3
Greensborough,774436.0,43.910184375,-79.25559225,8
Pelmo Park,774131.3333333334,43.71011216666667,-79.523777,6
Playter Estates,774000.0,43.6784725,-79.3598365,2
Lower Doon,771200.0,43.391000166666664,-80.41161483333333,6
Fairbank,769900.75,43.6939888125,-79.4534725625,16
Riverdale,764711.5,43.67021092307693,-79.34776661538461,26
C.D. Farquharson,764450.0,43.7859745,-79.2585795,2
High Park North,759660.0,43.6569473,-79.4627778,10
Midhurst,758799.1666666666,44.458032333333335,-79.73486208333333,12
North Toronto,757750.0,43.716018,-79.39161025,8
Runnymede,757633.3333333334,43.662585,-79.48548666666666,3
Bolton,753787.4583333334,43.880916250000006,-79.73842683333334,24
Niagara-on-the-Lake,750000.0,43.145481,-79.151367,1
Pontypool,749450.0,44.1222935,-78.62062850000001,2
Ancaster,748433.4285714285,43.21747360714286,-79.96935498214285,56
L'Amoreaux,740768.5217391305,43.80281834782609,-79.31297439130435,23
Allison,739883.5,43.200487,-79.8879775,2
Island Park,737488.8888888889,45.39834844444445,-75.73933644444445,9
The Beach,736818.5185185185,43.671522555555555,-79.30121496296296,27
Golden Triangle,734950.0,45.41622025,-75.6836225,4
Colchester,734500.0,41.986065,-82.926414,2
Wasaga Beach,734450.0,44.4746395,-80.10703649999999,2
Baltimore,734000.0,44.0819875,-78.163235,2
Flamborough,731575.4130434783,43.35587434782609,-80.02672858695652,46
Laurelwood,730962.5,43.47101875,-80.58621124999999,8
Richview,727238.4,43.68428553333333,-79.55907653333334,15
Halton Hills,723822.04,43.645488240000006,-79.91279106,50
Woodhull,723720.0,42.9617818,-81.3745668,5
Oakville,723072.1826086957,43.46558264782609,-79.69690007826087,230
Carleton Village,722966.6666666666,43.670914833333335,-79.456745,6
Bridgeport North,719216.3636363636,43.495104454545455,-80.47733581818183,11
Port Perry,715755.5555555555,44.11305522222222,-78.93373122222222,9
Guildwood,709666.6666666666,43.743708,-79.20078566666666,3
Junction Triangle,709000.0,43.660816499999996,-79.44805149999999,2
New Edinburgh,707175.0,45.441665625,-75.67907162499999,8
Georgina,705812.5333333333,44.31667206666667,-79.26589513333333,15
Aurora,704712.2222222222,43.997573777777774,-79.46929933333334,9
Confederation Park A,699900.0,43.252415,-79.762527,1
Gershome,699900.0,43.213772,-79.774261,1
The Beach Triangle,699900.0,43.672482,-79.309364,1
Gilbert,699900.0,43.229839,-79.90715,1
Macedonian Village,699649.0,43.931461,-78.995514,1
Kemble,699450.0,44.6553745,-80.9280435,2
Waterford,699000.0,42.947105,-80.225655,1
Beechborough - Greenbrook,699000.0,43.696888,-79.476875,1
Glen Park,696996.9333333333,43.70750793333333,-79.4631568,15
Newmarket,696267.4166666666,44.05356997222222,-79.45470227777778,72
Dunrobin,693594.7368421053,45.46392568421052,-76.0217297368421,19
East Credit,692816.6610169491,43.59084572881356,-79.68973708474576,59
Wexford,691154.5454545454,43.751096454545454,-79.29866018181818,11
Lansing,690435.75,43.760375821428575,-79.41381910714286,28
Bridgeport East,688575.0,43.4806985,-80.46721425,4
The Queensway,687999.8636363636,43.62574277272727,-79.50624940909091,22
Locust Hill,687449.5,43.919456499999995,-79.13829799999999,2
Westdale North,682950.0,43.263874,-79.89733675,4
Sandford,682933.3333333334,44.124526,-79.187101,3
Old Ottawa East,682905.8823529412,45.40988458823529,-75.67683823529411,17
The Danforth,682333.3333333334,43.68446733333334,-79.30780033333333,3
Unionville,682100.0,43.86145717647059,-79.30644947058823,17
Crestline,679900.0,40.792725,-82.750893,1
Bradford West Gwillimbury,679831.44,44.12080384,-79.58010416,25
Upper Beaches,679268.4615384615,43.681965999999996,-79.29708630769231,13
Beach Hill,679250.0,43.67754375,-79.31467425,4
Bridlewood - Emerald Meadows,679000.0,45.276058,-75.844917,1
Windfields,677475.0,43.955952125,-78.899974625,8
Newtonbrook,675934.9090909091,43.784732909090906,-79.42149383838384,99
Ryckmans,673233.3333333334,43.206022499999996,-79.88450633333333,6
Englemount - Lawrence,668444.3333333334,43.723739555555554,-79.43343766666666,9
Milton,666735.625,43.5202028125,-79.885367,48
Elora,663233.3333333334,43.68973166666667,-80.43115966666667,3
McGregor Park,662499.5,43.7429255,-79.279739,2
Gores Landing,659657.1428571428,44.12198814285715,-78.21436114285714,7
Cumberland - Estates,659553.3333333334,45.511323866666665,-75.39919816666666,30
Pickering,659464.490909091,43.84976416363636,-79.09414834545454,55
Woodbridge,659249.0099009901,43.805637861386145,-79.58198951485149,101
Humberlea,659133.25,43.726491,-79.53580674999999,12
Clairlea - Birchmount,659076.4705882353,43.70673364705882,-79.27858152941177,17
The Glebe,658588.8888888889,45.40234161111111,-75.6896715,18
Tottenham,657814.2857142857,44.01869857142857,-79.80487057142857,7
Midtown Toronto,657021.1487603306,43.689596260330575,-79.40050885123966,242
Erin Mills,656890.1428571428,43.54844875776398,-79.71590334782609,161
Sandy Hill,651268.1818181818,45.42563004545455,-75.67506290909091,22
West Humber Estates,649999.0,43.727283,-79.58503,1
Morningside Heights,649900.0,43.822536,-79.217674,1
Odessa,649900.0,44.277039,-76.718292,1
Thorah Island,649900.0,44.449417,-79.21579,1
Greenwood - Coxwell,649000.0,43.670719,-79.326134,1
Belgravia,648475.0,43.69771575,-79.4444255,4
Talbot,645455.875,42.933539125,-81.3087146875,16
Port Union,644838.4615384615,43.784544076923076,-79.1484193846154,13
Taunton,643313.3333333334,43.948633666666666,-78.84898726666667,15
Campbellcroft,642462.5,44.063944375,-78.433932375,8
Simcoe,641291.6666666666,42.81798533333333,-80.303824,12
Durand,640951.8461538461,43.253368692307696,-79.87757461538462,13
Markham,640158.3271028037,43.8583818317757,-79.31380003738317,107
Old Ottawa South,639605.8235294118,45.39329723529412,-75.6835604117647,17
Lakeview,638479.1206896552,43.71807912068965,-79.23293220689655,58
Lundy Village,634999.6666666666,43.681193,-79.80885566666666,3
Dundas,631555.1034482758,43.27228646551724,-79.9699232586207,58
Old University,630978.5714285715,43.53136228571429,-80.24182257142857,7
Danforth Village,630148.3333333334,43.689972000000004,-79.29561633333333,6
Centennial Park,629500.0,43.651833,-79.579597,1
Brampton,628181.1528239202,43.721575827242525,-79.75642007641197,301
Aldershot,627209.5238095238,43.30847295238095,-79.84710035714286,42
Paris,625925.0,43.1981685,-80.38562,8
Creemore,624950.0,44.3087945,-80.153965,2
South Cedarbrae,624000.0,43.748213,-79.23004499999999,2
Wexford - Maryvale,623540.6206896552,43.75078510344828,-79.30109510344828,29
New Toronto,622169.4,43.600489450000005,-79.510812,20
Uxbridge,621731.5263157894,44.11818171052632,-79.1315610263158,38
Humber Bay,621012.0,43.62579568,-79.48540976,25
Westboro,620400.0,45.39019428571429,-75.75019764285715,28
Briar Hill - Belgravia,620316.6666666666,43.7022215,-79.45241683333334,6
Torrance,620225.0,44.921465749999996,-79.33515175,4
Longwoods,619384.0,42.92750014285714,-81.25780928571429,7
Ajax,617706.5913978495,43.864256236559136,-79.02958383870967,93
Castle Green,616810.0,43.4631139,-79.69454809999999,10
Don Valley Village,614318.3142857143,43.78616297142857,-79.35487780000001,35
Leaside,611138.3571428572,43.712313928571426,-79.36611671428571,14
Doon South,609273.4444444445,43.37879714814815,-80.43322944444445,27
Manotick,605593.8235294118,45.20197629411764,-75.65651973529413,34
Wilson Heights,605549.0,43.73970427272727,-79.44504622727273,22
Davenport,605179.9,43.671335299999996,-79.44274829999999,10
Rockwood Village,604955.4285714285,43.63142557142857,-79.60117771428573,7
Hillcrest Village,604909.6923076923,43.80292076923077,-79.35606853846154,13
Ameliasburgh,603954.5454545454,44.06477345454545,-77.43184090909091,11
Blair Road,602433.3333333334,43.36797333333334,-80.32558433333334,3
Westdale South,601360.0,43.2596098,-79.9093718,5
Burford,599900.0,43.103279,-80.429138,1
Crystal Bay - Lakeview Park - Britannia Village,599592.8571428572,45.35394907142857,-75.81948921428571,14
Bethany,599107.0,44.18904235714286,-78.57769492857143,14
Caledonia - Fairbank,599000.0,43.682915,-79.457314,1
Windham Centre,599000.0,42.909874,-80.455269,1
Merivale Gardens - Grenfell Glen - Pineglen - Country Place,598249.6666666666,45.32303366666667,-75.70971783333333,6
Lambton Baby Point,598222.2222222222,43.64814744444445,-79.48664711111111,9
Hunt Club - Ottawa Airport,597950.0,45.34388025,-75.673570625,8
Kortright Hills,595293.8571428572,43.499426142857146,-80.23266707142857,14
Silverthorn,594540.6896551724,43.68545079310345,-79.46844410344828,29
White Lake,594033.3333333334,45.31391833333333,-76.47075249999999,6
Davisville,594000.0,43.70559699999999,-79.397453,3
Richmond,592791.6666666666,45.18435845833333,-75.83612979166666,24
Rockcliffe - Smythe,590367.5,43.67292232142857,-79.49602942857143,28
Spring Valley,589925.0,43.674381499999996,-79.81274400000001,4
Wallace Emerson,588471.7222222222,43.66318094444445,-79.44152405555556,18
Whitby,588236.6842105263,43.89694140789474,-78.93831280263159,76
Humber Heights - Westmount,586927.1666666666,43.69009433333333,-79.52126375,12
Sherwood Park,586795.0,43.7107284,-79.3946778,5
West Hill,582273.0,43.76777004545455,-79.18782056818182,44
Westmeath,579900.0,45.819763,-76.890236,1
Little Italy,578988.8888888889,43.65403444444444,-79.41509422222222,9
Norwich,578427.8181818182,42.98980054545455,-80.59931036363636,11
Bowmanville,578229.65,43.912980625,-78.69718652499999,40
Sunningdale,577621.4047619047,43.03007435714286,-81.29730259523811,42
Brooklin,575614.2857142857,43.96051071428571,-78.95085442857143,7
Bedford Park,575000.0,43.725037,-79.415611,1
Kennedy Park,574876.1904761905,43.72546057142857,-79.25822276190476,21
Rouge,574807.6052631579,43.80760518421052,-79.18553281578947,38
Fergus,574646.0,43.707163599999994,-80.37057506666666,15
Ainslie Wood North,573190.0,43.2583778,-79.9270752,5
London,571932.5813953489,42.99783869767442,-81.2595168372093,43
Eatonville,569457.8333333334,43.641786208333336,-79.55465120833334,24
Lambeth,569352.9411764706,42.9083235882353,-81.29328764705882,17
Burlington,567692.3019480519,43.371611275974026,-79.80499211688311,308
Pape Village,566299.6666666666,43.68953933333333,-79.34389266666666,3
Hannon West,565000.0,43.190598,-79.844498,3
Barnstown,564900.0,43.19929233333334,-79.87691233333334,3
Southwood Lakes,562933.3333333334,42.24131933333334,-82.98342366666667,3
Churchville,562712.0588235294,43.648511176470585,-79.74238723529412,17
Mississippi Mills,560000.0,45.231388,-76.19384,1
Kedron,560000.0,43.952606,-78.878952,1
Parkdale,558265.32,43.63637612,-79.4387926,25
Ionview,557776.5625,43.7357154375,-79.273105125,16
Old Malton Village,557740.0,43.7034022,-79.647351,5
Ainslie Wood East,555906.8333333334,43.25317472222222,-79.92158966666666,18
The Junction,554700.0,43.66672425,-79.467371,4
Dufferin Grove,553282.5,43.65705558333334,-79.42842925000001,12
Waverley,552252.1363636364,43.56718118181818,-80.26284477272726,22
Newcastle,552045.3636363636,43.914682272727276,-78.57406881818181,11
Centretown,551533.8611111111,45.414496763888884,-75.69527958333333,72
King West Village,551425.0,43.64079025,-79.4145355,4
Greely,550672.4166666666,45.251201395833334,-75.57170827083333,48
Fashion District,549963.3333333334,43.64330266666667,-79.39943966666667,3
Oshawa,549333.3333333334,43.912127166666664,-78.88049083333334,6
Briar Hill,549000.0,43.702183,-79.444046,1
Two Rivers,548134.0,43.550715833333335,-80.232128,6
Bridgeport West,547948.3333333334,43.48109433333334,-80.48559066666667,6
Mount Pleasant,546300.0,43.05703066666666,-80.270302,3
Orangeville,546288.7272727273,43.91933445454546,-80.09702718181819,11
White Haven,545930.0,43.7897477,-79.24902560000001,10
Hunt Club Woods - Quintarra - Revelstoke - Riverside South P,545189.4736842106,45.350051578947365,-75.68888678947368,19
Exhibition Park,544260.0,43.54972393333333,-80.263492,15
Northglen,542640.0,43.91473442857143,-78.89733757142858,7
Brookhaven - Amesbury,542060.0,43.6997763,-79.4918319,10
Cliffcrest,541269.2307692308,43.72779661538462,-79.23417907692307,13
Alliston,540006.1875,44.13832075,-79.8262858125,16
Gore Bay,539966.6666666666,45.88813533333334,-82.45202633333334,3
Lawrence Park South,539900.0,43.707275,-79.399559,1
Entertainment District,539352.9411764706,43.64415288235294,-79.38554788235294,17
Roches Point,539000.0,44.200993,-79.460571,1
Pleasant View,535573.5,43.785310875,-79.336835875,8
Guelph,535500.051724138,43.5341810862069,-80.22691100862069,116
Alta Vista,533910.7142857143,45.384408,-75.66545382142856,28
Hamilton,533772.4864864865,43.213311229729726,-79.84756672972973,74
Thornhill,531665.3181818182,43.81776606818182,-79.42386854545454,44
Ainslie Wood,529900.0,43.256733,-79.931641,2
Stevenson,529900.0,43.871849,-78.876213,1
Industrial Sector C,528844.75,43.261329375,-79.826699375,8
Falkirk West,526266.6666666666,43.213695666666666,-79.921463,3
Humber Summit,524295.65625,43.7557645,-79.5633940625,32
Kirkendall South,524172.0,43.249195,-79.8895875,2
Milliken,523748.96,43.81571342666667,-79.29410576,75
Civic Centre,523087.5,43.4557915,-80.48620724999999,8
Carlington,521740.0,45.3773486,-75.7341079,10
Humber Bay Shores,521294.1111111111,43.62753933333333,-79.47814383333333,18
Stoney Creek,519160.3706293706,43.16843647552447,-80.13114994405593,143
Downtown,519055.07320099254,43.652263465260546,-79.38384616625311,806
Earlscourt,517011.5,43.67830850000001,-79.45419595833333,24
Thornbury,516329.4117647059,44.56490094117647,-80.47285464705882,17
Victoria Village,516170.5882352941,43.72911776470588,-79.32021552941175,17
Mimico,515010.1216216216,43.62312101351351,-79.48464222972973,148
Westmount,514961.73333333334,43.09811618333333,-80.99952311666667,60
Markdale,513980.0,44.36211295,-80.62541615,20
Chappel East,512450.0,43.194971,-79.8731995,2
Emsdale,512000.0,45.474823,-79.226589,2
LeBreton Flats,511985.71428571426,45.41618028571428,-75.71213457142858,7
Islington,511800.0,43.647003000000005,-79.53099316666668,6
Bala,510300.0,45.02693166666666,-79.64941166666667,3
Trinity - Bellwoods,510211.70588235295,43.65041758823529,-79.41546688235293,17
McLaughlin,509608.3333333333,43.90115466666666,-78.89304983333334,12
Mount Hope,509493.75,43.15764875,-79.9097526875,16
Hamilton Beach B,508233.3333333333,43.280351499999995,-79.78453716666667,6
Silverstone,508216.5,43.74307116666666,-79.5992495,6
Kennedy East,507825.5,43.20284925,-79.90013525,4
Gurnett,507424.25,43.22379675,-79.92098425,4
Northwood,506666.6666666667,43.92926133333333,-78.909536,3
Westvale,506083.3333333333,43.444841999999994,-80.558955,6
Bridgeburg,505799.25,42.9314501875,-78.9240823125,16
Essa,505400.0,44.344917,-79.82074,4
Woodbine Gardens,505214.28571428574,43.700646,-79.29863085714285,7
Eringate - Centennial - West Deane,504584.85714285716,43.65202571428572,-79.57863135714285,14
Crestview - Meadowlands,503672.7272727273,45.349154636363636,-75.7417195909091,22
Overbrook,503281.8181818182,45.42396027272727,-75.65598772727273,11
Willowdale,503173.5880398671,43.76751691694352,-79.41085662458471,301
Ayr,502866.6666666667,43.30694966666667,-80.46059966666667,3
Kerr Village,501872.21428571426,43.44343428571428,-79.68011035714287,14
Lansdowne,501514.28571428574,44.40335685714285,-76.02146914285716,7
Clairfields,501250.0,43.49881588888889,-80.19782433333333,9
Belle River,501114.28571428574,42.25366485714286,-82.76051671428571,7
Westboro Beach,500000.0,45.398041,-75.749512,1
Wiarton,499950.0,44.719702749999996,-81.08256175,4
Templemead,499950.0,43.194765000000004,-79.84879699999999,2
Northward,499900.0,43.4670215,-80.48107949999999,2
Greenock,499900.0,44.099903,-81.259933,1
Waterdown,499768.3043478261,43.33450234782608,-79.90064530434783,46
Collingwood,498697.875,44.49552072115385,-80.21935265384614,104
Falkirk East,498185.28571428574,43.21479471428571,-79.91475371428571,7
Old East York,495580.85294117645,43.69298117647059,-79.31403255882353,34
Cliffside,493540.0,43.7068576,-79.2515488,5
Scarborough Junction,492132.3333333333,43.718980666666674,-79.265025,12
Navan - Vars,491395.45454545453,45.37204709090909,-75.35043536363636,11
Eleanor,491144.25,43.19923125,-79.85649699999999,4
Sarsfield,489925.0,45.447436249999996,-75.34308625,4
Torwood Estates,489900.0,45.481136,-76.031372,1
Swansea,489712.16279069765,43.63811646511628,-79.47124672093024,43
Harwood,488499.0,43.831936500000005,-79.02675691666667,12
Barrie,487621.703125,44.37999359375,-79.683700265625,128
Carpenter,487266.6666666667,43.20587166666667,-79.91809833333333,3
Brockton Village,487175.0,43.651377875,-79.436616875,8
Samac,486379.2,43.939764999999994,-78.87613633333333,15
North London,485630.2727272727,43.0054266969697,-81.24960303030302,33
Elmira,484933.3333333333,43.590694500000005,-80.56630200000001,6
Civic Hospital - Experimental Farm - Central Park,483975.0,45.374366800000004,-75.73164625000001,20
York University Heights,483229.9761904762,43.7638459047619,-79.48616207142857,42
Cobourg,483186.95652173914,44.00283352173913,-78.17962226086956,23
Steeles,481273.5,43.81448975,-79.324505625,24
Centretown West,480813.63636363635,45.40522763636364,-75.70960331818182,22
Downsview,480738.09523809527,43.7302429047619,-79.49347434920635,63
Sheffield,479900.0,43.325317,-80.209236,1
Gananoque,479466.6666666667,44.33803066666667,-76.13389083333334,6
Port Rowan,479000.0,42.585735,-80.399513,1
Mount Dennis,478420.3333333333,43.689564888888896,-79.49967455555556,18
Bailieboro,477720.0,44.113220999999996,-78.3158354,5
Gourley,476725.45454545453,43.21815890909091,-79.900376,11
Victoria Park,474900.0,43.44817,-80.496407,1
Carleton Place,474541.17647058825,45.10827970588235,-76.16029276470589,17
Port Hope,474536.1111111111,43.97032288888889,-78.32222655555556,18
Carp,474478.8541666667,45.30135983333333,-76.03373252083334,48
Glendale,474450.0,43.154939999999996,-79.1674765,2
Letitia Heights,474450.0,44.3915655,-79.7175025,2
Navan,474330.0,45.4208191,-75.4466445,10
Church and Wellesley,472075.0,43.66765025,-79.38265625,4
Parkwood Gardens,472057.14285714284,43.520034,-80.27848057142857,7
Keene,471960.0,44.2425218,-78.0800858,5
Flesherton,471360.0,44.2971344,-80.5062698,5
Metcalfe,470100.0,45.25167,-75.47584426666667,15
Limoges,469670.0,45.3362922,-75.2494951,10
Brock,469580.0,44.342411600000005,-79.09763619999998,5
Tam O'Shanter - Sullivan,469507.5,43.77541816666667,-79.31163149999999,6
Sparta,469000.0,42.673565,-81.12133,1
Streetsville,468465.86666666664,43.5897176,-79.72165799999999,15
Grimsby,468209.28571428574,43.098600999999995,-79.56693914285714,7
Keswick,466943.1111111111,44.232018333333336,-79.4688898888889,9
Greenford,466700.25,43.22379475,-79.769932,4
Oakridge,465697.56451612903,43.10013043548387,-80.95288962903226,62
Quyon,465000.0,45.561546,-76.124374,1
Bayview Glen,464936.53125,43.8471723125,-79.427263375,32
Harbord Village,464633.3333333333,43.662532999999996,-79.40725200000001,3
Clarence-Rockland,463266.6666666667,45.461866500000006,-75.25001033333334,6
Christopher-Champlain,461668.75,43.35172825,-80.302387,8
Cityview - Skyline - Fisher Heights,460700.0,45.36240225,-75.725708,4
Bendale,460665.9625,43.766013725,-79.2564937,80
Little Portugal,459815.4761904762,43.64315004761905,-79.42497357142857,42
Elmvale,459799.03125,44.58747471875,-79.8979788125,32
Cooksville,459086.9846153846,43.57793206153846,-79.6201918,65
Holland Marsh,459000.0,44.082485,-79.540977,1
O'Connor - Parkview,459000.0,43.70508833333333,-79.30253066666667,3
Kitchener,456650.0,43.44065835714286,-80.48367971428571,14
Munster Hamlet - Richmond,454895.71428571426,45.18147082142857,-75.83798628571428,28
Hillsburgh,454450.0,43.794981,-80.145264,2
Brigadoon,453675.0,43.38838275,-80.45511825,4
Tam O'Shanter,453432.5,43.784300433333335,-79.29639223333334,30
Waterloo,452554.178021978,43.476493852747254,-80.53436422857143,455
Kawartha Lakes,452415.7368421053,44.40853221052632,-78.59466268421052,19
Centennial,452041.6666666667,43.92651716666666,-78.87079041666667,12
Glanworth,451825.0,42.890961125000004,-81.164276125,8
York Mills,450968.1666666667,43.748633833333336,-79.40656750000001,6
Scarborough Village,450123.7619047619,43.74442147619048,-79.21252638095238,21
Newton,449000.0,43.581146,-80.832382,1
Fonthill,447783.3333333333,43.05303766666666,-79.27028266666666,6
Portland,446500.0,44.666916,-76.360439,2
The Blue Mountains,446103.5595238095,44.51535427380953,-80.35677397619048,84
Liberty Village,445600.0,43.638538277777776,-79.41410805555556,18
Greenbelt,444811.64285714284,45.32581104761905,-75.64577102380952,42
The Kingsway,443866.6666666667,43.65631044444444,-79.50683433333333,9
River Bend,443609.25925925927,42.9689135925926,-81.35718474074073,27
Silvertown,443542.85714285716,43.113332,-79.06960071428571,7
Mississauga,442596.75664335664,43.596313134265735,-79.65353027692308,715
Colborne,440825.0,44.005491750000004,-77.90147775,8
Roslin,439900.0,44.310501,-77.40937,1
Kentley,439900.0,43.2346,-79.766579,1
West Willow Woods,439247.0,43.53205583333334,-80.29398033333334,12
New Hamburg,439000.0,43.385406,-80.72197,1
Gads Hill,439000.0,43.426727,-80.755722,1
Carlingwood West - Glabar Park - McKellar Heights,438560.0,45.37128705,-75.7704611,20
Eastdale,438505.2631578947,43.914825263157894,-78.83231994736842,19
Prince Edward,437514.28571428574,44.006530285714284,-77.26358128571428,7
Port Elgin,437474.71794871794,44.44039846153846,-81.39521828205127,39
Yarker,437400.0,44.347994,-77.09734750000001,2
Etobicoke West Mall,436963.63636363635,43.64822581818182,-79.56951627272727,11
Ilderton,436573.63157894736,43.084456315789474,-81.36816531578948,19
Elmvale - Eastway - Riverview - Riverview Park West,435988.8888888889,45.39963727777778,-75.63482872222222,18
Sunnyside,435604.7619047619,44.09101947619048,-77.2115481904762,21
LaSalle,435357.4117647059,42.22846479411765,-83.06026085294118,34
Brighton,434633.3333333333,44.04130083333334,-77.72574516666667,30
Kirkendall North,434550.0,43.2542396,-79.88707339999999,10
Grange Hill East,434472.0,43.565489719999995,-80.22701812,25
Glenview East,434457.75,43.23006075,-79.79223825,4
Bramalea,434380.0,43.7278694,-79.7232849,10
Courtland,434000.0,42.8035065,-80.604134,2
Crown Point West,432562.85714285716,43.2490394,-79.82310262857142,35
Stittsville,431973.7704918033,45.265999065573766,-75.91865595081968,61
Dixie,431470.5882352941,43.60564988235294,-79.59285823529412,17
Lower Town,431100.0,45.43405633333333,-75.68682091666666,12
Central Frederick,430910.0,43.455416,-80.4769143,10
Townsend,429900.0,42.893684,-80.141556,1
Byron,429314.8,42.94712585714285,-81.3276946,35
Hawthorne Meadows - Sheffield Glen,428700.0,45.3947935,-75.6150055,4
Central Oshawa,427403.125,43.892503375,-78.85419009375,32
East Galt,427250.0,43.35917083333334,-80.30749516666667,6
Islington - City Centre West,426540.10256410256,43.63427046153846,-79.54244608974359,78
Allenford,426400.0,44.55340785714286,-81.19569157142857,7
Agincourt,425287.2924528302,43.78811163207547,-79.2783019245283,106
Rockford,425000.0,44.523769,-80.917191,2
Highland Grove,425000.0,45.111561,-78.047005,1
Fraser,424900.0,42.532429,-82.950386,1
Morriston,424900.0,43.47185425,-80.13653000000001,4
Niagara,424774.56,43.63803754,-79.40589717,100
Tecumseh,423794.2173913043,42.30117834782609,-82.87922565217391,23
Maidstone,422950.0,42.25669416666667,-82.89298616666666,6
Rexdale,420816.94520547945,43.734645424657536,-79.58467340410958,146
Beechwood,420001.54347826086,43.459059260869566,-80.55544045652174,46
Rockway,419900.0,43.432812,-80.461098,2
Port Royal,419666.6666666667,43.81496833333333,-79.29090633333334,3
Bayview Village,419534.81,43.768581850000004,-79.37754541,100
Brant,419266.6666666667,43.57776783333333,-80.25429266666667,6
Camden East,419000.0,44.333786,-76.854721,1
New Barrhaven,418638.5631067961,45.2638213592233,-75.73387744660194,103
Palmerston,418327.2727272727,43.81127554545455,-80.59233918181818,11
Lakeshore,418316.6666666667,42.270915333333335,-82.64315783333333,6
East Hespeler,418233.3333333333,43.440934666666664,-80.29552966666667,3
Bruleville,418228.5714285714,43.22174642857143,-79.86929757142858,7
Butler,418175.0,43.20192925,-79.86488925,4
Idlewood,418037.7,43.4487957,-80.428785,10
Bracebridge,417527.0961538461,45.0421795,-79.27543980769231,52
Blossom Park - Blossom Park West - Sawmill Creek/ Timbermill,417524.9705882353,45.348951676470584,-75.6297261764706,34
Toronto,417320.9411764706,43.72683537647059,-79.36721694117647,85
Sheldon,416283.3333333333,43.20999166666667,-79.8979825,6
East Danforth,414730.0,43.683577099999994,-79.31840259999998,10
Urbandale,414700.0,45.394521499999996,-75.62367599999999,2
O'Neill,413761.5,43.903709346153846,-78.86167992307693,26
Annan,413633.3333333333,44.64588355555556,-80.80511888888888,9
Southwood,412969.6666666667,43.343863,-80.33297733333333,3
Rosedale,412917.6,43.2262208,-79.8023836,5
Atwood,412900.0,43.726334,-81.030655,1
Stinson,412461.53846153844,43.247218000000004,-79.85426253846154,13
Cambridge,412357.48863636365,43.374235545454546,-80.30953864772727,88
Braemar Park - Bel Air Heights - Copeland Park,412260.0,45.3630904,-75.75023039999999,10
Niagara Falls,410593.35652173916,43.09066388985507,-79.0983682,345
Woburn,410328.73913043475,43.77302195652174,-79.23747076811594,69
Mechanicsville,409448.5,45.406661125,-75.73136124999999,8
Don Mills,409243.5909090909,43.74103045454546,-79.34536404545455,22
Huron East,409045.45454545453,43.55749054545454,-81.39911172727273,11
Lisgar,407915.4,43.2123586,-79.8269348,5
Grand River North,407750.0,43.464909500000005,-80.441391875,8
Byward Market - Parliament Hill,407476.0724637681,45.42450865217391,-75.69754620289855,69
Airport,407272.5714285714,43.030246285714284,-81.15858785714285,7
Bluewater,407018.1818181818,43.553690696969696,-81.69405363636363,33
Bostwick,406346.1538461539,42.93527415384615,-81.27177992307693,13
Malvern,406304.987012987,43.80348184415584,-79.22587510389612,77
Cedar Hill,406106.962962963,43.446662518518515,-80.48950644444443,27
Lively,404600.0,46.430594000000006,-81.13435366666666,3
Eastwood,404200.0,43.443416333333325,-80.46285233333333,3
Auditorium,404100.0,43.451325499999996,-80.472772,6
Cataraqui North,403931.25,44.26435893421053,-76.54722888157895,76
Saugeen Shores,403557.14285714284,44.41709957142857,-81.41576814285715,7
Orillia,403546.0062893082,44.60906838993711,-79.41515164150942,159
Washago,402000.0,44.8165875,-79.27408199999999,2
Ottawa,401611.53072625695,45.399270469273745,-75.82644748044693,179
Old Town,401140.28571428574,43.65343664285714,-79.36881921428572,14
Huron Park,401056.25,43.3899218125,-80.47910681249999,16
Chedoke Park B,399900.0,43.25,-79.904396,1
Westcliffe West,399900.0,43.242718,-79.91082,1
Trenholme,399900.0,43.20528,-79.827354,1
Kingston,399774.64957264956,44.259066504273505,-76.51230109401709,234
Wynford-Concorde,399075.0,43.72395716666667,-79.3353245,6
Windsor,399028.3202247191,42.274675056179774,-82.99302775280898,178
Masonville,398365.2888888889,43.01996317777778,-81.27769566666667,45
Pinecrest,396600.0,43.92865233333333,-78.84673833333333,3
Uplands,396270.0882352941,43.03917535294118,-81.26933326470588,34
Beacon Hill North,395151.85185185185,45.45325251851852,-75.60067455555556,27
Lighthouse Cove,395000.0,42.315701,-82.456749,1
Vanier,394124.6923076923,44.84087450961538,-77.00101888461539,104
Angus,393583.5789473684,44.319365684210524,-79.86103,19
Malton,393482.3939393939,43.719268666666665,-79.6381021969697,66
Cottam,393229.3333333333,42.10643266666667,-82.82848366666667,3
Fanshawe,393051.54545454547,43.04565431818182,-81.22178463636364,22
Dresden,393000.0,42.619436,-82.17859250000001,2
Baden,392773.0,43.40914614285714,-80.673063,7
Quinte West,392550.0,44.20571325,-77.564389,8
Castleton,392000.0,44.089186,-77.9331775,2
Fessenden,391894.0,43.2287405,-79.9151,2
Delta East,390140.0,43.2365318,-79.8160455,10
Cataraqui Westbrook,389607.6,44.26756051428572,-76.59642848571428,70
The Westway,389596.0,43.694397,-79.54580466666665,3
Morningside,389433.25,43.78747225,-79.202966625,24
Donevan,389188.46153846156,43.897207769230775,-78.82453115384615,13
Codrington,389000.0,44.127415,-77.783081,1
Kanata,388587.38144329895,45.31352709793815,-75.89849165979382,194
Tavistock,387200.0,43.320332,-80.841469,5
Whitehaven - Queensway Terrace North,386335.55555555556,45.35735488888889,-75.78832566666667,36
Markstay,385966.6666666667,46.265963,-80.53969833333333,3
Orléans,385760.0243902439,45.46631899593496,-75.4997147804878,246
Randall,384933.3333333333,43.205939666666666,-79.853203,6
Farewell,384900.0,43.872437,-78.840088,1
Westcliffe East,384900.0,43.2332515,-79.9047205,2
Six Points,384900.0,43.644825,-79.53009,1
Eglinton East,384854.5,43.74024618181818,-79.24149231818181,22
Brechin,384416.6666666667,44.55668266666667,-79.20742916666667,6
Haliburton,384237.24324324325,45.07595405405406,-78.5160779864865,74
Trussler,383898.3333333333,43.386243,-80.49458566666668,3
Fox Hollow,382467.28205128206,43.020552307692306,-81.32363884615386,39
Highland,382417.88095238095,42.95391597619047,-81.25195085714286,42
Landsdale,381687.375,43.2593955,-79.848805125,8
Gilkson,379900.0,43.219812000000005,-79.91402049999999,2
Port Dover,379642.4285714286,42.78975351020408,-80.19781236734694,49
Acton,379300.0,43.63555666666667,-80.033783,3
Carson Grove - Carson Meadows,379263.07692307694,45.44034515384615,-75.62734815384616,13
Hagersville,379000.0,42.959888,-80.052284,1
Kemptville,378909.0,45.0180778,-75.6632598,5
Hyde Park,378075.9464285714,43.000428410714285,-81.32554816071429,56
Old City,376588.8888888889,43.54134166666667,-80.25335955555555,9
Highland West,376464.0,43.43124088235294,-80.54592223529413,17
Riverdale East,375300.0,43.229189,-79.746342625,8
Corman,375132.3333333333,43.22701066666667,-79.78433233333334,6
Beaverton,375059.5,44.44233315,-79.15855739999999,20
Hepworth,375000.0,44.669537,-81.112366,1
Jane and Finch,373810.2,43.75147596666667,-79.51107491666667,60
Manotick - North Gower,373077.77777777775,45.141138444444444,-75.70454077777778,9
Hanlon Creek,372942.85714285716,43.51343328571428,-80.23205342857143,7
Lang's Farm,372400.0,43.402415250000004,-80.33992975000001,4
Brookhaven,371266.7,43.6978845,-79.4921889,10
Shelburne,370874.9583333333,44.08108391666667,-80.20187854166666,24
Henry Farm,370630.152173913,43.77418763043478,-79.34181347826087,46
Elmwood,370100.0,44.23852733333333,-81.00226983333333,6
Miller Lake,369966.6666666667,45.11757822222222,-81.38970877777778,9
Lindsay,369774.5,44.36316225,-78.740179075,40
Stirling,369554.54545454547,44.317982,-77.57191045454546,11
Grand River South,369172.6666666667,43.4472058,-80.41315253333333,15
Bonnington,368900.0,43.23410033333334,-79.88313033333334,3
Huntington,367400.0,43.21849625,-79.8236065,4
Lawrence Heights,367330.1818181818,43.71530881818182,-79.45061527272728,22
Brockville,366239.6666666667,44.63183333333333,-75.63547775,12
Emery,365273.9130434783,43.74692404347826,-79.5447644347826,23
Weston,365049.0,43.702062833333336,-79.51717341666667,24
Strathcona,364949.5,43.262432000000004,-79.8867875,2
Gravenhurst,364868.3795620438,44.913742394160586,-79.36517432846716,137
Meaford,364608.44696969696,44.600073765151514,-80.6048138939394,132
Coldwater,364450.0,44.66215425,-79.64870450000001,4
Golden Mile,362816.6666666667,43.722632499999996,-79.28816033333334,12
Listowel,362664.28571428574,43.72579757142857,-80.94297121428572,14
Central Hamilton,362475.22222222225,43.257607377777774,-79.86269057777778,90
Buchanan,362450.0,43.232974999999996,-79.894566,2
Playfair Park - Lynda Park - Guildwood Estates,360740.0,45.3850052,-75.6449676,5
Forest Heights,360355.47826086957,43.420828739130435,-80.53625465217392,23
Chapel Hill South,359947.5,45.4301585,-75.51186799999999,2
Merritton,359900.0,43.131878,-79.202271,1
Greater Napanee,359813.3333333333,44.22774306666667,-76.98223846666666,15
Centrepointe,358861.5,45.342673625,-75.7671851875,16
Goderich,358587.5,43.864525625,-81.71404174999999,8
Blakeley,358525.0,43.2443295,-79.8324775,4
Stayner,356828.5714285714,44.43258157142857,-80.09066771428571,7
Osgoode,355888.0,45.17961196,-75.56454047999999,25
St. Clair,355642.75,43.246824375,-79.847466375,8
Thorold,355149.88636363635,43.110462613636365,-79.20854515909092,44
Delta West,354766.6666666667,43.23736466666667,-79.82257600000001,3
Sunninghill,354630.0,43.232779,-79.83166766666666,3
Kincardine,353469.6212121212,44.175998,-81.62832693939394,66
Lyndhurst,352933.3333333333,44.49386366666667,-76.10906233333334,3
Burkholme,352779.6,43.2289078,-79.856453,5
Hanover,352584.0,44.15626712,-81.0133344,25
Walkerton,352260.8695652174,44.132571086956524,-81.14292769565218,23
Uptown Core,352073.1923076923,43.47941973076923,-79.72147453846154,26
Woodvale - Craig Henry - Manordale - Estates of Arlington Wo,350669.23076923075,45.331402153846156,-75.76319600000001,13
St. Marys Hospital,350340.0,43.4376708,-80.503288,5
Western Hill,349900.0,43.126488,-79.260406,1
Cataraqui River East,349062.5,44.251110125,-76.458247125,8
Preston Centre,348277.3846153846,43.395519538461535,-80.35796476923078,13
Medway,347125.05263157893,43.00379963157894,-81.3037237368421,38
Meinzinger State Park,346900.0,43.427323666666666,-80.501377,6
Berrisfield,346395.4,43.2124078,-79.8386108,5
Hill Park,346299.6666666667,43.229295,-79.86490133333334,3
Harrow,346142.56,42.01531448,-82.91217068,25
Industrial Park,345664.3278688525,45.395592885245904,-75.63190050819672,61
Hunt Club,344626.3157894737,45.371294947368426,-75.61475731578948,19
Gibson,344434.1153846154,43.254869846153845,-79.84182861538463,26
Bridlewood,344406.8888888889,43.79692822222222,-79.31719238888888,18
Lambton Shores,343621.2121212121,43.25753993939394,-81.80652596969698,33
Eglinton West,343300.0,43.692554333333334,-79.464432,3
Walker Gates,342933.3333333333,42.24782566666667,-82.97068533333334,3
Iris,342933.3333333333,45.351470500000005,-75.77728516666666,6
Cannington,342740.0,44.3315184,-79.0366196,5
Saint Marys,342600.0,43.260112666666664,-81.14038866666667,3
Burnstown,342400.0,45.333099000000004,-76.672134,2
Arnprior,342261.2580645161,45.42657893548387,-76.34941003225806,31
Fort Erie,342059.48360655736,42.8968898442623,-78.9838728852459,122
Kimberley,342000.0,44.4926125,-80.576401,2
Southampton,341770.4533333333,44.495347253333335,-81.36836501333333,75
Bartonville,341328.5714285714,43.23441414285714,-79.80657642857143,7
Rockland,340135.71428571426,45.545325857142856,-75.28038135714284,28
Broughton West,339900.0,43.18824,-79.85643,1
Amherstburg,339343.03125,42.11276733333333,-83.10077761458334,96
Chapman Mills - Rideau Crest - Davidson Heights,338547.0,45.27827262962963,-75.71041085185185,27
Stoneybrook,338072.0,43.03260814285714,-81.24577171428572,14
South Cameron,337747.4666666667,42.283287844444445,-83.03975297777778,45
Picton,337333.3333333333,44.00763800000001,-77.14357466666667,3
Red Hill,336225.0,43.217696,-79.794791,7
Parkview West,335899.0,43.253298666666666,-79.77965033333334,3
Huntsville,335728.48913043475,45.33225005072464,-79.22381308333334,276
Minto,335003.125,43.916907,-80.8653268125,16
Centreville Chicopee,334832.65,43.4302163,-80.42431115000001,40
Sheahan Estates - Trend Village - Arlington Woods,333970.0,45.3281079,-75.78538139999999,10
Port Colborne,333226.35714285716,42.8929159047619,-79.24416871428572,42
Fiddlesticks,332842.14285714284,43.397120642857146,-80.28723914285715,14
Forest Hill,332737.5,43.427880625,-80.51576625,8
Innisfil,332400.0,44.267261,-79.55037075,4
Guelph Junction,331050.0,43.53480916666667,-80.26350266666667,6
Roseland,330308.26666666666,42.247474016666665,-82.99645545,60
Holyrood,329900.0,44.097542,-81.419464,1
Dashwood,329900.0,43.345177,-81.733192,1
Pineview,329762.4375,45.422777375,-75.6048041875,16
North End East,329720.0,43.269384,-79.8566414,10
Byward Market,329618.1818181818,45.429232000000006,-75.688226,11
Eagle Lake,329200.0,45.19044322222223,-78.40260733333334,9
Mill Courtland Woodside Park,329169.9,43.4380523,-80.4849312,10
Kingsville,328870.0,42.0506458,-82.7730134,10
Devonshire Heights,328792.0,42.27068942424243,-82.98037642424242,33
East Riverside,328564.36666666664,42.32648995,-82.90696216666667,60
Riverside,328051.54639175255,42.4113350927835,-82.72600854639175,97
Russell,327900.0,45.24847142857143,-75.35304271428572,7
Emerald Woods - Sawmill Creek,326986.6666666667,45.34787213333333,-75.64338626666667,15
Harcourt,326929.7297297297,44.98413702702703,-77.95849572972973,37
Lakefield,325766.6666666667,44.449227666666665,-78.27823633333334,3
Millbrook,325139.8,44.155053599999995,-78.45489359999999,5
Rodney,324966.5,42.58441783333333,-81.67389033333333,6
Kernighan,324900.0,43.21249,-79.892258,2
Qualicum - Redwood Park,324840.0,45.342635117647056,-75.79401929411765,17
Stanley Park,324812.5,43.4436373125,-80.4465843125,16
Mount Hope Huron Park,324708.88,43.45955824,-80.49252628,25
Auden Park,324008.3333333333,44.232382916666666,-76.58219025,12
Barrhaven West - Old Barrhaven,322802.9117647059,45.27216467647059,-75.76082147058823,34
Burk's Falls,321761.53846153844,45.64086892307692,-79.50851853846153,13
Napanee,321124.4222222222,44.208414133333335,-76.96548697777779,45
Duncannon,320000.0,40.419559,-77.04493,1
Dorset Park,319651.3658536585,43.757728853658534,-79.27840824390243,41
Quinndale,317383.3333333333,43.203528166666665,-79.842823,6
Chelmsford,316892.26923076925,46.58517496153846,-81.21657034615386,26
Caledonia,316200.0,43.07693575,-79.92582675,4
Belleville,315551.8268156425,44.17143123463687,-77.3816672234637,179
Midland,314537.212962963,44.747840546296295,-79.88533325,108
Greenway-Chaplin,314524.4705882353,43.37908717647059,-80.30928947058823,17
Jackson,314316.6666666667,42.956196500000004,-81.1677365,12
Massey,313375.0,46.220751,-82.0739955,4
Winchester,312600.0,45.11587328571428,-75.3853735,14
Westport,312130.76923076925,44.68458584615385,-76.42862876923077,13
Westminster,310660.347826087,42.93926530434783,-81.21401734782609,23
Greenboro East,310486.3333333333,45.3653706,-75.6320048,30
Stipley,310229.2,43.2517731,-79.8338748,20
Peterborough,309393.145631068,44.30659195631068,-78.33041227184466,206
Pakenham,308875.0,45.3313205,-76.311376625,8
Parkwoods - Donalda,308490.9090909091,43.75185436363636,-79.32441918181819,11
Carleton Heights - Rideauview,308133.3333333333,45.367573666666665,-75.70411353333334,15
Carlsbad Springs,307860.0,45.3592636,-75.4905578,5
Fairfield,307524.28571428574,43.469789428571424,-80.48519442857142,7
South London,307360.9756097561,42.96839614634146,-81.24201931707317,41
Hunt Club East - Western Community,306827.5,45.3504924,-75.6712689,20
Southdale,306650.0,43.433914599999994,-80.4893249,10
Parma Court,306633.3333333333,43.71833,-79.303375,3
Point Edward,306266.6666666667,42.990883999999994,-82.41043366666666,3
Corktown,305026.15789473685,43.251430526315794,-79.86828215789474,19
Sydenham,304450.0,44.418276,-76.566238,2
Embrun,303452.9411764706,45.27331523529411,-75.27793682352942,17
Almonte,303386.25,45.217899875,-76.2155045,8
Thorner,303322.5,43.2146455,-79.85902,2
Macassa,302999.3333333333,43.221676,-79.84260566666667,3
Williamsville,302250.0,44.239723,-76.50103383333334,6
Calvin Park,302200.0,44.235149500000006,-76.51906199999999,2
Kingsview Village,301543.77777777775,43.696593388888886,-79.55313827777778,18
Southam,301311.1111111111,43.24082911111111,-79.87776522222222,9
Country Hills West,301131.875,43.40790175,-80.486985125,8
Cobden,300885.8695652174,45.63211597826087,-76.888132,46
Stratford,300183.3333333333,43.377857444444444,-80.997068,9
Noëlville,299900.0,46.0961,-80.346405,1
Balsam Grove,299900.0,44.242985,-76.529572,1
Owen Sound,299715.475,44.56913465,-80.94213103749999,160
Kingscourt,299538.77777777775,44.248846666666665,-76.50073822222222,9
Chatsworth,298795.04761904763,44.45831476190476,-80.89999042857143,21
Powassan,298492.23076923075,46.10390869230769,-79.36395738461539,13
Hampton Heights,298000.0,43.224152,-79.835617,1
South Windsor,297364.64705882355,42.2638075,-83.01323767647058,34
Earlton,296480.0,47.7098152,-79.818048,5
Bayridge West,295975.0,44.24645483333333,-76.59986158333334,12
Little Current,294933.3333333333,45.98106133333334,-81.930041,3
Sharbot Lake,294681.8181818182,44.77275190909091,-76.664186,11
Merrickville,294450.0,44.8884355,-75.8243635,2
Woodroffe - Lincoln Heights,293978.5714285714,45.37041635714286,-75.78523985714286,28
King East,292177.8125,43.4444334375,-80.47658075,16
Hespeler Village,291133.3333333333,43.42501066666667,-80.30547316666667,6
Blackburn Hamlet,291010.0,45.4337926,-75.5614178,15
Merrickville-Wolford,289900.0,44.821293,-75.849358,1
Broughton East,289900.0,43.190775,-79.850296,2
Trout Creek,289900.0,45.986897,-79.35955,1
Elzevir,289900.0,44.633331,-77.26667,2
Chesterville,289760.0,45.1285754,-75.2537154,5
Thurlow,289450.0,44.175167,-77.304466,2
Delhi,289016.6666666667,42.84963293333333,-80.49126686666666,15
Sudbury,287611.4948453608,46.54385878350516,-80.95157550515464,97
Rosemount,287138.0,43.45868077777778,-80.461169,9
Welland,286990.4761904762,42.99651033333333,-79.22642276190476,21
Waubaushene,285000.0,44.74469,-79.663078,1
Jerome,284900.0,43.212978,-79.877731,1
Laurentian West,284862.6875,43.407728937499996,-80.51443578125,32
Riverside Park,284844.44444444444,45.36683222222222,-75.68389222222223,9
Golden Lake,284425.0,45.611781,-77.33150875,4
Newburgh,283700.0,44.334322,-76.9052775,2
Verona,282757.14285714284,44.479249857142854,-76.69752157142857,7
Exeter,281698.96428571426,43.32947775,-81.46981153571429,28
Lion's Head,281416.6666666667,45.0855875,-81.33774433333333,6
New Liskeard,281045.0,47.5137566,-79.68067175,20
Flemingdon Park,280940.0,43.71333393333334,-79.3282272,15
Williamsburg,280900.0,43.403963,-80.503456,2
Hillendale,280416.6666666667,44.24399316666666,-76.52758533333333,6
East Hamilton,280019.3333333333,43.23706093333333,-79.85033666666666,15
Mildmay,279900.0,44.04586,-81.11348,1
The Elms,279900.0,43.72892,-79.5488625,2
Beacon Hill South - Cardinal Heights,279686.2068965517,45.44355413793104,-75.59560051724138,29
Yeoville,279320.0,43.223543600000006,-79.8860368,5
North Bay,278730.0485436893,46.295097,-79.45295127184467,103
Huron Heights,278407.2826086957,43.02412143478261,-81.21417652173913,46
Borden Farm - Stewart Farm - Parkwood Hills - Fisher Glen,276150.0,45.3491066,-75.72444775,20
Bells Corners East,274361.25,45.321710375,-75.826421875,16
Tillsonburg,273943.63636363635,42.867929272727274,-80.73783381818181,11
Ingersoll,273126.77777777775,43.037904999999995,-80.89647766666667,9
Central London,272812.6821192053,42.98747959602649,-81.24547861589404,151
Bayridge East,272492.3076923077,44.243959153846156,-76.586563,13
Inch Park,271134.7272727273,43.23785809090909,-79.86058736363636,11
Walford,269900.0,46.235477,-82.293236,1
Tiverton,269150.0,44.2582155,-81.5332557,10
Grange Park,268180.0,43.6532676,-79.3908294,5
Homeside,268086.0869565217,43.24537995652174,-79.80327808695652,23
Wingham,267566.6666666667,43.88880673333333,-81.32157976666667,30
Hamilton Road,267468.9661016949,42.97846681355932,-81.1964667457627,59
Tobermory,267466.64285714284,45.19075611904762,-81.61834226190476,42
Tanglewood,267092.3076923077,45.33383976923077,-75.74534953846154,13
Blind River,266922.22222222225,46.19117677777778,-82.91502133333333,9
Cherry Hill,266864.8,43.4447306,-80.5074462,5
Echo Bay,266450.0,46.42340416666667,-83.99119166666667,6
Buckhorn,266416.6666666667,44.556702,-78.350067,6
Perth,265175.4189944134,44.887650994413406,-76.24960448603352,179
Woodstock,264925.0,43.133927,-80.72968875000001,4
Carrying Place,264900.0,44.068199,-77.601395,1
Sandwich South,264900.0,42.2911368,-82.9181884,5
Rockcliffe - Manor Park,264601.42,45.44673482,-75.64783408,50
Denfield,264581.5,43.129009499999995,-81.4336165,2
Sarnia,264446.2580645161,42.98695561290323,-82.37128922580645,31
Ledbury - Heron Gate - Ridgemont - Elmwood,264404.90476190473,45.37334538095238,-75.65367585714286,42
Tory Hill,263283.3333333333,44.9996405,-78.29469166666667,12
Cummings,262759.8,45.4306986,-75.6357086,5
Country Hills,261351.33333333334,43.41395883333333,-80.47081866666666,6
Strathroy,260290.81818181818,42.956255181818186,-81.61785054545454,11
St. Clair West Village,260120.83333333334,43.67984966666666,-79.4384905,6
Parkview East,259900.0,43.248165,-79.774178,1
North Augusta,259000.0,44.835194,-75.742958,1
Petawawa,258174.59016393442,45.88966514754098,-77.26763859016393,61
Riverdale West,256199.75,43.23240475,-79.76004775,4
Hamilton Beach C,255000.0,43.267864,-79.775192,1
Briar Green - Leslie Park,254960.0,45.3362947,-75.7933816,10
Leslie Park,254650.0,45.3366755,-75.79361349999999,2
Laurentian Hills,252192.26923076922,44.65146392307692,-79.11914773076923,26
Durham,251409.0909090909,44.158227818181814,-80.80326627272729,11
Lakely,249950.0,43.242338000000004,-79.750637,2
Pioneer Tower East,249900.0,43.409222,-80.394371,1
Tilbury East,249900.0,42.314568,-82.42041,1
West London,249375.4655172414,42.986326637931036,-81.2784183448276,58
Brantford,249346.68493150684,43.150716027397266,-80.25485582191781,219
Bay Cloverhill,249000.0,43.665531,-79.385147,1
Wallbridge,249000.0,44.210682,-77.491058,1
East London,246282.92307692306,42.992817,-81.21297005128206,39
Crown Point East,245699.95652173914,43.24567608695652,-79.81299260869565,23
Rolston,244925.0,43.223751,-79.8968525,4
La Salette,243400.0,42.8822405,-80.55149449999999,2
Smiths Falls,243080.35714285713,44.914268750000005,-76.016336625,56
Pioneer Park,242700.0,43.396323384615386,-80.4389823846154,13
Kagawong,242633.33333333334,45.861236999999996,-82.20205433333332,3
Penetanguishene,242588.75,44.779577,-79.92285724999999,4
Paisley,241763.15789473685,44.30512413157894,-81.2769472368421,38
McQuesten West,240200.0,43.239210125,-79.78616825,8
Mitchell,240175.0,43.46824275,-81.196552,4
Port Stanley,238933.33333333334,42.676224999999995,-81.22815733333333,3
Pembroke,237989.05747126436,45.815111413793105,-77.13571018390805,87
Bayshore,236687.5,45.354072625,-75.80772325000001,8
Walkerville,235592.0129032258,42.31373303870968,-83.01566554838709,155
Vernon,235000.0,45.161011,-75.462898,1
Balfour,234950.0,43.227686000000006,-79.87184149999999,2
Campbellford,234789.47368421053,44.3175302631579,-77.85960436842105,19
Richards Landing,234600.0,46.33173633333333,-83.942014,3
Lawfield,234450.0,43.214464,-79.845875,2
Dorset,234450.0,45.2397955,-78.8652155,2
Sundridge,234205.88235294117,45.78327623529412,-79.43852517647058,34
Bancroft,233575.2131147541,45.053238983606555,-77.86339427868853,61
Centremount,233266.66666666666,43.241625666666664,-79.87396266666667,3
South Walkerville,233066.66666666666,42.29847026666666,-83.00347286666667,30
Heritage Park,232314.2857142857,43.456292714285716,-80.44252771428572,7
Tichborne,232166.66666666666,44.688748333333336,-76.55304733333334,3
Calabogie,231897.36842105264,45.28215128947369,-76.7642747631579,38
Malden,231244.44444444444,42.25767722222222,-83.06271622222222,9
Forest Glade,230361.60975609755,42.30798663414634,-82.92149009756098,82
Perth Road,229483.33333333334,44.7472,-76.36595166666667,6
Espanola,228840.0,46.25423388571429,-81.7748246,35
Glen Cairn,228534.1343283582,42.96387037313433,-81.20410219402986,67
Zurich,227900.0,43.418747,-81.625511,1
Stevensville,227780.0,42.9428282,-79.053656,5
Trenton,226736.6,44.10889762222222,-77.59548848888889,45
South Keys - Heron Gate - Greenboro West,226007.6923076923,45.357821923076926,-75.65026984615385,13
Bells Corners West,225570.47619047618,45.314929047619046,-75.83431128571428,21
Carling,223550.9649122807,43.007648473684206,-81.22824396491228,57
Renfrew,221911.81720430107,45.47487605376344,-76.68335094623656,93
Lucknow,221600.0,43.963213499999995,-81.51433933333333,6
Gooderham,221392.3076923077,44.90287961538461,-78.3698166923077,13
Country Hills East,221206.75,43.41676525,-80.466055,4
Canfield,221000.0,42.974911,-79.751556,1
Novar,220600.0,45.40040871428572,-79.270714,7
Ripley,219450.0,44.0874945,-81.65878933333333,6
Victoria Hills,218404.34782608695,43.43964008695652,-80.52045139130435,23
Otterville,218298.0,42.92059020000001,-80.6444076,5
Strathcona Park,218185.7142857143,44.25559242857143,-76.52415342857144,7
Port Sydney,218075.0,45.2055009375,-79.2741155625,16
Alpine,217450.0,43.4221705,-80.4776195,2
Argyle,217204.9125,43.000653925,-81.173049025,80
Deseronto,216890.9090909091,44.197216136363636,-77.05366786363636,22
Vincent,216407.6923076923,43.215280538461535,-79.78637400000001,13
Normanhurst,215862.5,43.24177725,-79.792183875,8
Ainslie Wood West,215080.72727272726,43.25023454545454,-79.93979372727273,11
Rideau Heights,214253.33333333334,44.25779666666667,-76.48538916666666,12
Tweed,214024.4693877551,44.48927967346939,-77.30549142857143,49
Dundalk,214000.0,44.168799,-80.392342,3
Southcrest,213940.55102040817,42.96136493877551,-81.27367436734694,49
Sheffield Glen,213100.0,45.39856075,-75.61447174999999,4
St. Andrew - Windfields,213004.33333333334,43.75692766666666,-79.39372266666668,3
Petrolia,212900.0,42.898340000000005,-82.182514,2
Chesley,212337.5,44.296298,-81.1058780625,16
Prescott,212059.8,44.71562659999999,-75.5196292,5
West Queen West,212000.0,43.645669999999996,-79.41088099999999,2
Marlbank,211759.8,44.428251,-77.0902772,5
Fenelon Falls,210566.66666666666,44.439313,-78.734782,3
Hickson,210000.0,43.23954,-80.801712,1
KW Hospital,210000.0,43.4562,-80.512016,2
Sunderland,210000.0,44.25861,-79.166046,1
Saint Thomas,209900.0,42.773525,-81.178558,1
Magnetawan,209066.66666666666,45.65792402564103,-79.66218335897436,39
Onward Willow,207175.91666666666,43.53951941666667,-80.27382791666666,12
Sherwood,207000.0,43.2256695,-79.82353950000001,2
Industrial Sector A and Keith,206717.6,43.264267000000004,-79.8476212,5
Van Buren Charter Township,204900.0,42.203117,-83.516228,4
Curve Lake,204900.0,44.477402,-78.448204,1
French River,204450.0,46.0846135,-80.58684550000001,2
Fontainbleu,202722.35185185185,42.301856703703706,-82.96694981481481,54
Enterprise,202260.0,44.485952,-76.86492000000001,5
South River,200737.5,45.850900875,-79.403883125,8
Essex,200411.82352941178,42.172613088235295,-82.8255319117647,34
West Nipissing,199200.0,46.3697739,-79.9409507,10
Sprucedale,199000.0,45.52935,-79.484818,1
Mountview,198500.0,43.236045,-79.9221915,4
Raleigh,198257.14285714287,43.23571771428572,-79.83940471428572,7
City Centre,197966.45918367346,42.31462925510204,-83.0376948367347,98
South Central,195941.0394736842,42.30116789473684,-83.02775114473684,76
Industrial Sector E and McAnulty,194950.0,43.254263,-79.8055115,2
Whitefish,194900.0,46.377998,-81.31646,1
Port McNicoll,194403.31578947368,44.75163907894737,-79.79821194736842,38
Rymal,193300.0,43.194345,-79.84008033333333,3
Thorncliffe Park,191300.0,43.70488616666666,-79.34740566666667,6
Minden,190625.0,44.91563708333334,-78.7201945,12
Sauble Beach,189000.0,44.643562,-81.267303,1
McGregor,188863.63636363635,42.148852636363635,-82.96441518181818,11
Wilberforce,188740.0,45.03723,-78.225278,5
Ridgetown,186806.25,42.4383613125,-81.8899411875,16
Eganville,184236.2068965517,45.52849812068966,-77.09485318965517,58
Bruce Mines,182575.4716981132,46.32790237735849,-83.77777603773585,53
Beachburg,181183.33333333334,45.7388515,-76.842547,6
Bath,181175.0,44.1971425,-76.73777025000001,4
Industrial Sector B and Keith,179900.0,43.267883,-79.839722,2
University,176765.0650406504,42.3061054796748,-83.05345993495935,123
Bewdley,175540.0,44.094637999999996,-78.3234132,5
Ojibway,174900.0,42.285492,-83.086357,1
Winchester Springs,174900.0,45.037971,-75.297958,1
Crystal Falls,174900.0,46.414032,-79.721085,1
Denbigh,174800.0,45.1246365,-77.28185275,4
Cardinal,173965.0,44.78654625,-75.391428875,8
City Commercial Core,173788.75,43.450392125,-80.4895153125,16
Sandwich,171691.0481927711,42.29455130120482,-83.0710708313253,83
East Windsor,171639.18032786885,42.315902213114754,-82.98315595901639,122
Severn Bridge,170993.33333333334,44.78177326666666,-79.35194366666666,15
Chatham-Kent,170744.44444444444,42.11874988888889,-82.45185011111111,9
Chalk River,170527.27272727274,46.00710760606061,-77.43881915151516,33
Mount Forest,169633.33333333334,43.97488766666667,-80.73604833333333,3
Holland Centre,169000.0,44.393318,-80.795128,1
Madoc,168981.4814814815,44.53848688888889,-77.47536600000001,27
Johnstown,167521.66666666666,44.747166,-75.467339,3
Desbarats,165761.11111111112,46.373038,-83.92464588888889,18
Hillsdale,165750.0,44.574211000000005,-79.71142950000001,2
Shedden,163000.0,42.739471,-81.345322,1
Roblin,162461.53846153847,44.363917230769225,-77.04009607692308,13
Carnarvon,161750.0,45.0803815,-78.73969249999999,2
Fraserville,160003.0,44.23735225,-78.3547745,4
Hensall,159500.0,43.43615,-81.498955,1
Leamington,158479.41176470587,42.05057941176471,-82.58450717647058,17
Haley Station,156766.66666666666,45.55645953333333,-76.75636080000001,15
Thomasburg,156683.33333333334,44.40298516666667,-77.31556333333333,6
Thessalon,155100.0,46.265649333333336,-83.54462255555556,9
Gogama,155000.0,47.674492,-81.723427,1
Blenheim,154900.0,42.366701000000006,-81.9568745,2
Iroquois,152495.2,44.867214000000004,-75.31115559999999,5
Marysville,149900.0,44.2694815,-77.1023865,2
York District,149900.0,43.551426,-80.222633,1
Crumlin,148452.5,43.006761499999996,-81.14828499999999,2
White Oaks,148415.453125,42.934815234375,-81.23397896875,64
Temiskaming Shores,147933.33333333334,47.445284333333326,-79.649841,3
Dungannon,147450.0,43.854443,-81.599617,2
Mar,147300.0,44.3619148,-81.5337904,5
Spanish,146000.0,46.194520499999996,-82.343354375,8
Industrial Sector D,144949.25,43.25712675,-79.81952475,4
Lyn,144900.0,44.591213,-75.72979,1
Remington Park,144162.575,42.286636099999996,-83.008573,40
Horning's Mills,142000.0,44.078565499999996,-80.203312,2
Deep River,141661.53846153847,46.10070515384616,-77.49579930769231,13
Douglas,139133.33333333334,45.484922000000005,-76.95583833333333,3
L'Amable,139100.0,45.002802,-77.7520255,6
Teeswater,139000.0,43.999622,-81.286888,1
Cardiff,138700.0,44.975456,-77.998215,1
Royal Oak,135000.0,42.516285,-83.181358,1
Fenton,134500.0,42.694542,-83.768013,1
Glencoe,134450.0,42.751833000000005,-81.7038575,2
Kinburn,130476.97674418605,45.347312302325584,-76.16528151162791,43
Highgate,129900.0,42.589951,-82.179268,1
Courtright,129500.0,42.816792,-82.462334,1
Warren,128766.66666666667,46.44038233333333,-80.29274766666667,3
Copper Cliff,127450.0,46.4749125,-81.06567000000001,2
McArthurs Mills,125000.0,45.126339,-77.576462,1
Maynooth,121566.66666666667,45.226154333333334,-77.90707933333333,3
Yorkdale,120833.33333333333,43.71872566666667,-79.456416,3
Parry Sound,115685.71428571429,45.381333857142856,-80.05693814285713,7
Clifford,114900.0,43.996239,-80.906441,1
Elliot Lake,114606.66666666667,46.38994146666666,-82.64798633333334,15
Wallaceburg,109333.33333333333,42.59322366666667,-82.3860295,6
Verner,109177.77777777778,46.40580744444445,-80.11466707407408,27
Ahmic Harbour,109000.0,45.661194,-79.777588,1
Cobalt,103633.33333333333,47.407668,-79.67203533333333,3
CFB Kingston,101000.0,44.235882,-76.458611,1
Cavan,99900.0,44.260582,-78.496376,1
Kearney,99900.0,45.676212,-79.220474,1
Desboro,99500.0,44.338615,-80.942841,1
Cricket Club,99000.0,43.733974,-79.41954,1
Teddington Park,89000.0,43.734268,-79.404373,1
Palmerston - Little Italy,82500.0,43.664452,-79.413788,1
Springfield,79900.0,42.852989,-80.986595,1
Amesbury,79450.0,43.704547500000004,-79.48270049999999,2
High Park-Swansea,75000.0,43.655251,-79.456726,1
Northbrook,73900.0,44.774933,-77.175201,1
Balderson,72900.0,44.919472,-76.282974,2
Bryanston,70000.0,43.124043,-81.26828,2
Braeside,69900.0,45.484447,-76.430984,1
Bloor West Village,69780.0,43.6501036,-79.4814834,5
Aberfoyle,68000.0,43.472996,-80.152603,1
Armdale,66739.09090909091,43.828356954545455,-79.25125429545454,44
Faraday,66566.66666666667,44.927605,-77.930855,3
Coe Hill,55000.0,44.919075,-77.906822,1
Walker Farm,54256.25,42.28436178571429,-82.96369935714286,28
Douro,49900.0,44.376099,-78.19239,1
Drummond,49000.0,44.255627,-78.22451,11
St. Lawrence,48900.0,43.646358,-79.375259,1
Bloorcourt Village,45000.0,43.660642499999994,-79.4314995,2
Marmora,40000.0,44.488907,-77.662079,1
Foymount,40000.0,45.4338,-77.316406,1
Camden Township,39900.0,42.603436,-82.179047,1
Casa Loma,35000.0,43.684158,-79.419075,1
Old Brooklyn,29900.0,41.441582,-81.697952,1
West Guilford,26900.0,45.141457,-78.573738,1
Clinton,19900.0,43.617508,-81.539467,1
Manitowaning,14999.0,45.739494,-81.807777,1
Trillium Industrial Park,3800.0,43.414257,-80.449989,1
Bishop Hellmuth Heritage District,1883.3333333333333,42.996292000000004,-81.251495,3
North End West,0.0,43.269379,-79.865402,1
Port Lands,0.0,43.647285,-79.351509,1
